<?xml version="1.0" encoding="UTF-8"?>
<jcr:root xmlns:sling="http://sling.apache.org/jcr/sling/1.0" xmlns:jcr="http://www.jcp.org/jcr/1.0" xmlns:nt="http://www.jcp.org/jcr/nt/1.0"
    jcr:primaryType="nt:unstructured"
    sling:resourceType="granite/ui/components/foundation/container">
    <items jcr:primaryType="nt:unstructured">
        <default
            jcr:primaryType="nt:unstructured"
            sling:resourceType="granite/ui/components/foundation/navigation">
            <items jcr:primaryType="nt:unstructured">
                <search/>
                <timeline/>
                <toggleselectionmode/>
                <fileupload/>
                <createfolder/>
                <create/>
                <pastepage/>
                <togglelayout/>
                <collectiondock/>
                <dropbox
                    jcr:primaryType="nt:unstructured"
                    sling:resourceType="granite/ui/components/endor/actionbar/button"
                    class="cq-siteadmin-admin-actions-dropbox"
                    hideText="{Boolean}true"
                    icon="icon-search"
                    id="dropbox"
                    text="Dropbox synchronization"
                    title="Dropbox synchronization"/>
            </items>
        </default>
    </items>
</jcr:root>
